{
  "ridge_mae": 0.052621,
  "ridge_mse": 0.005848,
  "ridge_rmse": 0.076475,
  "ridge_mape": 10.546287,
  "ridge_smape": 7.866158,
  "ridge_r2": 0.963814,
  "lgbm_mae": 0.058125,
  "lgbm_mse": 0.006651,
  "lgbm_rmse": 0.081556,
  "lgbm_mape": 11.191073,
  "lgbm_smape": 8.439599,
  "lgbm_r2": 0.958846,
  "xgboost_mae": 0.05945,
  "xgboost_mse": 0.006997,
  "xgboost_rmse": 0.08365,
  "xgboost_mape": 11.302432,
  "xgboost_smape": 8.581353,
  "xgboost_r2": 0.956705,
  "hybrid_mae": 0.051969,
  "hybrid_mse": 0.005734,
  "hybrid_rmse": 0.075723,
  "hybrid_mape": 10.742443,
  "hybrid_smape": 7.799507,
  "hybrid_r2": 0.964522
}