{
  "ridge_mae": 0.052759,
  "ridge_mse": 0.005885,
  "ridge_rmse": 0.076712,
  "ridge_mape": 10.474096,
  "ridge_smape": 7.883451,
  "ridge_r2": 0.963589,
  "lgbm_mae": 0.058564,
  "lgbm_mse": 0.006764,
  "lgbm_rmse": 0.082242,
  "lgbm_mape": 10.911346,
  "lgbm_smape": 8.481218,
  "lgbm_r2": 0.958151,
  "xgboost_mae": 0.058378,
  "xgboost_mse": 0.006812,
  "xgboost_rmse": 0.082537,
  "xgboost_mape": 10.953509,
  "xgboost_smape": 8.399824,
  "xgboost_r2": 0.95785,
  "catboost_mae": 0.058832,
  "catboost_mse": 0.007019,
  "catboost_rmse": 0.08378,
  "catboost_mape": 10.877223,
  "catboost_smape": 8.556091,
  "catboost_r2": 0.956571,
  "extra_trees_mae": 0.057229,
  "extra_trees_mse": 0.006765,
  "extra_trees_rmse": 0.082252,
  "extra_trees_mape": 11.774455,
  "extra_trees_smape": 8.444226,
  "extra_trees_r2": 0.95814,
  "ensemble_mae": 0.052374,
  "ensemble_mse": 0.005833,
  "ensemble_rmse": 0.076377,
  "ensemble_mape": 10.433079,
  "ensemble_smape": 7.831063,
  "ensemble_r2": 0.963906
}