{
  "arima_mae": 0.205102,
  "arima_mse": 0.074543,
  "arima_rmse": 0.273025,
  "arima_mape": 27.175387,
  "arima_smape": 29.544897,
  "arima_r2": 0.538778,
  "prophet_mae": 1.252181,
  "prophet_mse": 1.96685,
  "prophet_rmse": 1.402444,
  "prophet_mape": 223.923835,
  "prophet_smape": 146.912786,
  "prophet_r2": -11.169612,
  "lgbm_mae": 0.058564,
  "lgbm_mse": 0.006764,
  "lgbm_rmse": 0.082242,
  "lgbm_mape": 10.911346,
  "lgbm_smape": 8.481218,
  "lgbm_r2": 0.958151,
  "xgboost_mae": 0.058378,
  "xgboost_mse": 0.006812,
  "xgboost_rmse": 0.082537,
  "xgboost_mape": 10.953509,
  "xgboost_smape": 8.399824,
  "xgboost_r2": 0.95785,
  "ensemble_mae": 0.069074,
  "ensemble_mse": 0.008765,
  "ensemble_rmse": 0.093621,
  "ensemble_mape": 11.427708,
  "ensemble_smape": 9.647703,
  "ensemble_r2": 0.945768
}