{
  "arima_mae": 0.446466,
  "arima_mse": 0.287142,
  "arima_rmse": 0.535856,
  "arima_mape": 179.775116,
  "arima_smape": 43.307741,
  "arima_r2": -0.776651,
  "prophet_mae": 1.966344,
  "prophet_mse": 6.183828,
  "prophet_rmse": 2.48673,
  "prophet_mape": 443.108011,
  "prophet_smape": 103.494431,
  "prophet_r2": -37.26159,
  "lgbm_mae": 0.060864,
  "lgbm_mse": 0.00717,
  "lgbm_rmse": 0.084675,
  "lgbm_mape": 11.143746,
  "lgbm_smape": 8.684051,
  "lgbm_r2": 0.955637,
  "xgboost_mae": 0.060319,
  "xgboost_mse": 0.007186,
  "xgboost_rmse": 0.084772,
  "xgboost_mape": 11.159069,
  "xgboost_smape": 8.630045,
  "xgboost_r2": 0.955536,
  "ensemble_mae": 0.160943,
  "ensemble_mse": 0.043523,
  "ensemble_rmse": 0.208621,
  "ensemble_mape": 36.91143,
  "ensemble_smape": 23.584387,
  "ensemble_r2": 0.730709
}