{
  "arima_mae": 0.205102,
  "arima_mse": 0.074543,
  "arima_rmse": 0.273025,
  "arima_mape": 27.175387,
  "arima_smape": 29.544897,
  "arima_r2": 0.538778,
  "ridge_mae": 0.052759,
  "ridge_mse": 0.005885,
  "ridge_rmse": 0.076712,
  "ridge_mape": 10.474096,
  "ridge_smape": 7.883451,
  "ridge_r2": 0.963589,
  "lgbm_mae": 0.058564,
  "lgbm_mse": 0.006764,
  "lgbm_rmse": 0.082242,
  "lgbm_mape": 10.911346,
  "lgbm_smape": 8.481218,
  "lgbm_r2": 0.958151,
  "xgboost_mae": 0.058378,
  "xgboost_mse": 0.006812,
  "xgboost_rmse": 0.082537,
  "xgboost_mape": 10.953509,
  "xgboost_smape": 8.399824,
  "xgboost_r2": 0.95785,
  "ensemble_mae": 0.053312,
  "ensemble_mse": 0.005964,
  "ensemble_rmse": 0.077228,
  "ensemble_mape": 10.418673,
  "ensemble_smape": 7.948509,
  "ensemble_r2": 0.963098
}